Comment,Designator,Footprint,LCSC Part #
100k,"R6,R7,R8,R9,R11,R13",R_0603_1608Metric,C25803
100nF,"C5,C7,C8",C_0603_1608Metric,C14663
10k,R14,R_0603_1608Metric,C25804
10uF,"C1,C2,C3,C4,C6",C_0805_2012Metric,C15850
1k,"R4,R5,R10,R12",R_0603_1608Metric,C21190
2k,R3,R_0603_1608Metric,C22975
5.1k,"R1,R2",R_0603_1608Metric,C23186
AO3401A,"Q1,Q2,Q3",SOT-23,C15127
AP2112K-3.3,U2,SOT-23-5,C51118
LED green,D2,LED_0603_1608Metric,C72043
LED red,D1,LED_0603_1608Metric,C2286
SS34,D3,D_SMA,C8678
TP4056,U1,SOIC-8-1EP_3.9x4.9mm_P1.27mm_EP2.41x3.3mm,C16581
USB-C 16P,J1,USB_C_Receptacle_HRO_TYPE-C-31-M-12,C165948
