Designator,Mid X,Mid Y,Layer,Rotation
C1,18.600mm,-50.600mm,Top,90
C2,12.000mm,-41.400mm,Top,0
C3,18.300mm,-35.400mm,Top,0
C4,5.000mm,-30.000mm,Top,90
C5,26.000mm,-34.800mm,Top,0
C6,14.400mm,-31.600mm,Top,90
C7,14.400mm,-28.200mm,Top,0
C8,27.600mm,-9.000mm,Top,90
D1,19.600mm,-58.000mm,Top,180
D2,19.600mm,-60.000mm,Top,180
D3,12.600mm,-37.600mm,Top,0
J1,11.500mm,-60.650mm,Top,0
Q1,18.300mm,-38.600mm,Top,0
Q2,30.400mm,-9.600mm,Top,90
Q3,22.000mm,-9.600mm,Top,90
R1,8.000mm,-52.600mm,Top,90
R10,33.600mm,-12.600mm,Top,90
R11,25.200mm,-9.000mm,Top,90
R12,25.200mm,-12.600mm,Top,90
R13,19.000mm,-23.000mm,Top,0
R14,30.000mm,-21.000mm,Top,0
R2,15.600mm,-52.600mm,Top,90
R3,7.300mm,-43.000mm,Top,0
R4,19.600mm,-54.200mm,Top,0
R5,19.600mm,-56.000mm,Top,0
R6,18.300mm,-42.200mm,Top,0
R7,26.000mm,-38.400mm,Top,0
R8,26.000mm,-36.600mm,Top,0
R9,33.600mm,-9.000mm,Top,90
U1,12.000mm,-46.600mm,Top,0
U2,9.600mm,-31.600mm,Top,0
